product_id,image_url
1,https://shopping-phinf.pstatic.net/main_3828576/38285763618.20230227090321.jpg?type=f640
2,https://shopping-phinf.pstatic.net/main_2067590/20675905635.20230504162009.jpg?type=f640
3,https://shopping-phinf.pstatic.net/main_3306045/33060454619.20220621141649.jpg?type=f60
3,https://shopping-phinf.pstatic.net/main_3306045/33060454619.1.20220621141649.jpg?type=f60
4,https://shopping-phinf.pstatic.net/main_1164169/11641691364.20230309150840.jpg?type=f640
5,https://shopping-phinf.pstatic.net/main_2623592/26235925522.20211009212910.jpg?type=f60
5,https://shopping-phinf.pstatic.net/main_2623592/26235925522.1.20211009212911.jpg?type=f60
5,https://shopping-phinf.pstatic.net/main_2623592/26235925522.2.20211009212911.jpg?type=f60
5,https://shopping-phinf.pstatic.net/main_2623592/26235925522.3.20211009212911.jpg?type=f60
6,https://shopping-phinf.pstatic.net/main_3066207/30662074621.20230317113444.jpg?type=f640
7,https://shopping-phinf.pstatic.net/main_2768244/27682447523.20230315162533.jpg?type=f60
7,https://shopping-phinf.pstatic.net/main_2768244/27682447523.1.20230315162534.jpg?type=f60
7,https://shopping-phinf.pstatic.net/main_2768244/27682447523.2.20230315162534.jpg?type=f60
7,https://shopping-phinf.pstatic.net/main_2768244/27682447523.3.20230315162534.jpg?type=f60
7,https://shopping-phinf.pstatic.net/main_2768244/27682447523.4.20230315162534.jpg?type=f60
8,https://shopping-phinf.pstatic.net/main_2922861/29228616619.20211014142646.jpg?type=f640
9,https://shopping-phinf.pstatic.net/main_1274354/12743548414.20230317100837.jpg?type=f640
10,https://shopping-phinf.pstatic.net/main_1888427/18884275883.20230309150802.jpg?type=f640
11,https://shopping-phinf.pstatic.net/main_1505714/15057148379.20221004153226.jpg?type=f640
12,https://shopping-phinf.pstatic.net/main_2548379/25483795522.20220706142004.jpg?type=f60
12,https://video-phinf.pstatic.net/20210114_253/1610598743374lR9k0_JPEG/7c06c517-5621-11eb-a803-a0369ff94ec8_02.jpg
13,https://shopping-phinf.pstatic.net/main_1787595/17875956895.20190306134438.jpg?type=f640
14,https://shopping-phinf.pstatic.net/main_2516929/25169292522.20230302113025.jpg?type=f60
14,https://shopping-phinf.pstatic.net/main_2516929/25169292522.1.20230302113025.jpg?type=f60
15,https://shopping-phinf.pstatic.net/main_1140228/11402283727.20220112162255.jpg?type=f640
16,https://shopping-phinf.pstatic.net/main_2406900/24069009523.20200907153016.jpg?type=f640
17,https://shopping-phinf.pstatic.net/main_1859737/18597375615.20211007172021.jpg?type=f60
17,https://video-phinf.pstatic.net/20201021_45/1603269645729zSG2M_JPEG/14dfbdfe-1379-11eb-beee-48df379cc9e4_06.jpg
18,https://shopping-phinf.pstatic.net/main_1953933/19539337269.20230324174212.jpg?type=f640
19,https://shopping-phinf.pstatic.net/main_1328196/13281962070.20230217132755.jpg?type=f640
20,https://shopping-phinf.pstatic.net/main_3207224/32072245618.20221019133213.jpg?type=f60
20,https://shopping-phinf.pstatic.net/main_3207224/32072245618.1.20221019133213.jpg?type=f60
20,https://shopping-phinf.pstatic.net/main_3207224/32072245618.2.20221019133224.jpg?type=f60
20,https://shopping-phinf.pstatic.net/main_3207224/32072245618.3.20221019133224.jpg?type=f60
21,https://shopping-phinf.pstatic.net/main_1345221/13452217992.20201214154239.jpg?type=f640
22,https://shopping-phinf.pstatic.net/main_2771808/27718081522.20220426184418.jpg?type=f640
23,https://shopping-phinf.pstatic.net/main_1266554/12665549383.20230313145310.jpg?type=f60
23,https://shopping-phinf.pstatic.net/main_1266554/12665549383.1.20230313145311.jpg?type=f60
23,https://shopping-phinf.pstatic.net/main_1266554/12665549383.2.20230313145311.jpg?type=f60
23,https://shopping-phinf.pstatic.net/main_1266554/12665549383.3.20230313145311.jpg?type=f60
23,https://shopping-phinf.pstatic.net/main_1266554/12665549383.4.20230313145312.jpg?type=f60
24,https://shopping-phinf.pstatic.net/main_2326048/23260483490.20230504161710.jpg?type=f640
25,https://shopping-phinf.pstatic.net/main_2641555/26415553522.20210319091720.jpg?type=f640
26,https://shopping-phinf.pstatic.net/main_1886103/18861036378.20200814103202.jpg?type=f640
27,https://shopping-phinf.pstatic.net/main_3206506/32065068618.20230111135442.jpg?type=f60
27,https://shopping-phinf.pstatic.net/20220921_11_20/ca6a9a0e-d19c-4615-b5cf-cd6397dc363e/971319110.jpg
27,https://shopping-phinf.pstatic.net/main_3206506/32065068618.1.20230111135442.jpg?type=f60
27,https://shopping-phinf.pstatic.net/main_3206506/32065068618.2.20230111135443.jpg?type=f60
27,https://shopping-phinf.pstatic.net/main_3206506/32065068618.3.20230111135443.jpg?type=f60
28,https://shopping-phinf.pstatic.net/main_2098306/20983069901.20200814121943.jpg?type=f60
28,https://shopping-phinf.pstatic.net/main_2098306/20983069901.1.20200814121943.jpg?type=f60
28,https://shopping-phinf.pstatic.net/main_2098306/20983069901.2.20200814121943.jpg?type=f60
29,https://shopping-phinf.pstatic.net/main_1953947/19539478080.20190529162554.jpg?type=f640
30,https://shopping-phinf.pstatic.net/main_2877448/28774481554.20210909134236.jpg?type=f640
31,https://shopping-phinf.pstatic.net/main_1545815/15458155124.20220401124817.jpg?type=f640
32,https://shopping-phinf.pstatic.net/main_2258119/22581197344.20220204093455.jpg?type=f640
33,https://shopping-phinf.pstatic.net/main_2521950/25219508523.20220608093145.jpg?type=f640
34,https://shopping-phinf.pstatic.net/main_2712012/27120123522.20220502145614.jpg?type=f640
35,https://shopping-phinf.pstatic.net/main_3534345/35343453633.20221020175440.jpg?type=f640
36,https://shopping-phinf.pstatic.net/main_1888302/18883022473.20211124165307.jpg?type=f60
36,https://shopping-phinf.pstatic.net/main_1888302/18883022473.1.20211124165307.jpg?type=f60
37,https://shopping-phinf.pstatic.net/main_2616050/26160504522.20230504083439.jpg?type=f640
38,https://shopping-phinf.pstatic.net/main_1320912/13209127046.20201215122331.jpg?type=f640
39,https://shopping-phinf.pstatic.net/main_1857606/18576068423.20190408150828.jpg?type=f640
40,https://shopping-phinf.pstatic.net/main_3196437/31964377618.20220422174445.jpg?type=f60
40,https://shopping-phinf.pstatic.net/main_3196437/31964377618.1.20220422174445.jpg?type=f60
40,https://shopping-phinf.pstatic.net/main_3196437/31964377618.2.20220422173522.jpg?type=f60
40,https://shopping-phinf.pstatic.net/main_3196437/31964377618.3.20220422173523.jpg?type=f60
40,https://shopping-phinf.pstatic.net/main_3196437/31964377618.4.20220422173523.jpg?type=f60
41,https://shopping-phinf.pstatic.net/main_1276758/12767586942.20210713182645.jpg?type=f640
42,https://shopping-phinf.pstatic.net/main_1787814/17878149569.20190306152548.jpg?type=f640
43,https://shopping-phinf.pstatic.net/main_2181276/21812761739.20221201102933.jpg?type=f60
43,https://video-phinf.pstatic.net/20230313_142/1678673423024nNPJH_JPEG/31f0b9df-c144-11ed-befd-a0369ffab218_09.jpg
44,https://shopping-phinf.pstatic.net/main_2068829/20688294726.20230504161941.jpg?type=f640
45,https://shopping-phinf.pstatic.net/main_3087944/30879448619.20220719094139.jpg?type=f640
46,https://shopping-phinf.pstatic.net/main_3731040/37310405621.20230119130648.jpg?type=f60
46,https://shopping-phinf.pstatic.net/main_3731040/37310405621.1.20230119130649.jpg?type=f60
46,https://shopping-phinf.pstatic.net/main_3731040/37310405621.2.20230119130652.jpg?type=f60
46,https://shopping-phinf.pstatic.net/main_3731040/37310405621.3.20230119130653.jpg?type=f60
47,https://shopping-phinf.pstatic.net/main_2044325/20443251825.20190730103816.jpg?type=f640
48,https://shopping-phinf.pstatic.net/main_2109776/21097764980.20210312170057.jpg?type=f640
49,https://shopping-phinf.pstatic.net/main_1787882/17878829361.20190325104859.jpg?type=f640
50,https://shopping-phinf.pstatic.net/main_1886139/18861396713.20230309152218.jpg?type=f640
51,https://shopping-phinf.pstatic.net/main_2758326/27583261525.20210615111149.jpg?type=f640
52,https://shopping-phinf.pstatic.net/main_3245816/32458168618.20220519163805.jpg?type=f60
52,https://shopping-phinf.pstatic.net/main_3245816/32458168618.1.20220519133608.jpg?type=f60
52,https://shopping-phinf.pstatic.net/main_3245816/32458168618.2.20220519133608.jpg?type=f60
53,https://shopping-phinf.pstatic.net/main_2288924/22889246426.20200518174126.jpg?type=f640
54,https://shopping-phinf.pstatic.net/main_1516142/15161429031.20230125103903.jpg?type=f640
55,https://shopping-phinf.pstatic.net/main_2575929/25759293522.20220829171936.jpg?type=f60
55,https://shopping-phinf.pstatic.net/main_2575929/25759293522.2.20220829171937.jpg?type=f60
56,https://shopping-phinf.pstatic.net/main_6004840/6004840606.20220829172139.jpg?type=f60
56,https://shopping-phinf.pstatic.net/main_6004840/6004840606.2.20220829172141.jpg?type=f60
57,https://shopping-phinf.pstatic.net/main_2900514/29005145587.20210927181028.jpg?type=f640
58,https://shopping-phinf.pstatic.net/main_1540615/15406153992.20221115164140.jpg?type=f640
59,https://shopping-phinf.pstatic.net/main_1937765/19377659767.20210119103140.jpg?type=f640
60,https://shopping-phinf.pstatic.net/main_2234778/22347780500.20220928164943.jpg?type=f640
61,https://shopping-phinf.pstatic.net/main_1491126/14911269432.20190717150643.jpg?type=f640
62,https://shopping-phinf.pstatic.net/main_1432096/14320965616.20220630093757.jpg?type=f640
63,https://shopping-phinf.pstatic.net/main_1953677/19536779515.20200514182440.jpg?type=f640
64,https://shopping-phinf.pstatic.net/main_1528232/15282323215.20211110112007.jpg?type=f60
64,https://shopping-phinf.pstatic.net/20211110_11_9/ce8502d6-68ae-4de8-8f52-0477bb9a471e/-1830613929.jpg
64,https://shopping-phinf.pstatic.net/main_1528232/15282323215.1.20211110112008.jpg?type=f60
64,https://shopping-phinf.pstatic.net/main_1528232/15282323215.2.20211110112008.jpg?type=f60
64,https://shopping-phinf.pstatic.net/main_1528232/15282323215.3.20211110112008.jpg?type=f60
65,https://shopping-phinf.pstatic.net/main_2972540/29725407621.20220630084307.jpg?type=f60
65,https://video-phinf.pstatic.net/20220427_188/1651017272435kof0Q_JPEG/f9a52a82-c5bb-11ec-a3bf-505dac8c3639_06.jpg
66,https://shopping-phinf.pstatic.net/main_2319875/23198750490.20200619101642.jpg?type=f640
67,https://shopping-phinf.pstatic.net/main_3505461/35054619618.20221005080625.jpg?type=f640
68,https://shopping-phinf.pstatic.net/main_1646405/16464058650.20211015173211.jpg?type=f640
69,https://shopping-phinf.pstatic.net/main_1494591/14945916836.20220823111147.jpg?type=f640
70,https://shopping-phinf.pstatic.net/main_3531727/35317279620.20221019103353.jpg?type=f640
71,https://shopping-phinf.pstatic.net/main_3795837/37958379619.20230215090406.jpg?type=f640
72,https://shopping-phinf.pstatic.net/main_2442901/24429018527.20201013112641.jpg?type=f640
73,https://shopping-phinf.pstatic.net/main_2463847/24638472524.20201029161147.jpg?type=f640
74,https://shopping-phinf.pstatic.net/main_3443503/34435036619.20220902142721.jpg?type=f640
75,https://shopping-phinf.pstatic.net/main_2949080/29490805624.20220524173336.jpg?type=f640
76,https://shopping-phinf.pstatic.net/main_1598254/15982540239.20200103171512.jpg?type=f640
77,https://shopping-phinf.pstatic.net/main_1053197/10531975406.20220630094153.jpg?type=f640
78,https://shopping-phinf.pstatic.net/main_2347603/23476030490.20220623112335.jpg?type=f60
78,https://shopping-phinf.pstatic.net/main_2347603/23476030490.1.20220623112336.jpg?type=f60
78,https://shopping-phinf.pstatic.net/main_2347603/23476030490.2.20220623112336.jpg?type=f60
78,https://shopping-phinf.pstatic.net/main_2347603/23476030490.3.20220623112336.jpg?type=f60
79,https://shopping-phinf.pstatic.net/main_2838881/28388819562.20230419143155.jpg?type=f640
80,https://shopping-phinf.pstatic.net/main_3066569/30665699475.20220124205455.jpg?type=f640
81,https://shopping-phinf.pstatic.net/main_1925489/19254892957.20200408172039.jpg?type=f640
82,https://shopping-phinf.pstatic.net/main_1833181/18331817183.20230504162032.jpg?type=f640
83,https://shopping-phinf.pstatic.net/main_2117683/21176838347.20230220151221.jpg?type=f60
83,https://shopping-phinf.pstatic.net/main_2117683/21176838347.1.20230220151222.jpg?type=f60
83,https://shopping-phinf.pstatic.net/main_2117683/21176838347.2.20230220151222.jpg?type=f60
84,https://shopping-phinf.pstatic.net/main_1302344/13023445113.20200410151617.jpg?type=f640
85,https://shopping-phinf.pstatic.net/main_3230976/32309762618.20230404103525.jpg?type=f60
85,https://video-phinf.pstatic.net/20230224_2/16772135341413SXYJ_JPEG/1f9b4359-b3fd-11ed-b90a-80615f0bcc04_10.jpg
85,https://shopping-phinf.pstatic.net/main_3230976/32309762618.1.20230404103526.jpg?type=f60
86,https://shopping-phinf.pstatic.net/main_1590236/15902360473.20230110120902.jpg?type=f60
86,https://shopping-phinf.pstatic.net/main_1590236/15902360473.1.20220630181334.jpg?type=f60
86,https://shopping-phinf.pstatic.net/main_1590236/15902360473.2.20220630181334.jpg?type=f60
87,https://shopping-phinf.pstatic.net/main_2845028/28450284565.20210816120627.jpg?type=f640
88,https://shopping-phinf.pstatic.net/main_3795943/37959433621.20230216101951.jpg?type=f60
88,https://shopping-phinf.pstatic.net/main_3795943/37959433621.1.20230216101940.jpg?type=f60
89,https://shopping-phinf.pstatic.net/main_3536849/35368496619.20221021170059.jpg?type=f640
90,https://shopping-phinf.pstatic.net/main_1932026/19320269458.20200429110823.jpg?type=f640
91,https://shopping-phinf.pstatic.net/main_3972762/39727622619.20230501170819.jpg?type=f640
92,https://shopping-phinf.pstatic.net/main_3254561/32545612618.20230111134739.jpg?type=f60
92,https://shopping-phinf.pstatic.net/20220920_17_23/3264f907-3e5f-4b9d-86e8-0294968e4f93/475922333.jpg
92,https://shopping-phinf.pstatic.net/main_3254561/32545612618.1.20230111134740.jpg?type=f60
92,https://shopping-phinf.pstatic.net/main_3254561/32545612618.2.20230111134740.jpg?type=f60
92,https://shopping-phinf.pstatic.net/main_3254561/32545612618.3.20230111134740.jpg?type=f60
93,https://shopping-phinf.pstatic.net/main_1790298/17902985554.20211015142514.jpg?type=f640
94,https://shopping-phinf.pstatic.net/main_2665967/26659670522.20210412133459.jpg?type=f640
95,https://shopping-phinf.pstatic.net/main_1743643/17436439198.20190212151251.jpg?type=f640
96,https://shopping-phinf.pstatic.net/main_2915696/29156964618.20211008175954.jpg?type=f60
96,https://shopping-phinf.pstatic.net/main_2915696/29156964618.3.20211008175956.jpg?type=f60
96,https://shopping-phinf.pstatic.net/main_2915696/29156964618.4.20211008175956.jpg?type=f60
97,https://shopping-phinf.pstatic.net/main_2901431/29014319588.20220216164720.jpg?type=f640
98,https://shopping-phinf.pstatic.net/main_2684160/26841602523.20210420181147.jpg?type=f640
99,https://shopping-phinf.pstatic.net/main_3798001/37980016619.20230216115214.jpg?type=f640
100,https://shopping-phinf.pstatic.net/main_1770029/17700290583.20211215174150.jpg?type=f640
101,https://shopping-phinf.pstatic.net/main_3765163/37651632449.20230203214416.jpg?type=f640
102,https://shopping-phinf.pstatic.net/main_3954035/39540353451.20230422214832.jpg?type=f640
103,https://shopping-phinf.pstatic.net/main_3762336/37623363220.20230401075244.jpg?type=f60
103,https://shopping-phinf.pstatic.net/main_3762336/37623363220.1.20230401075245.jpg?type=f60
103,https://shopping-phinf.pstatic.net/main_3762336/37623363220.2.20230401075245.jpg?type=f60
103,https://shopping-phinf.pstatic.net/main_3762336/37623363220.3.20230401075245.jpg?type=f60
103,https://shopping-phinf.pstatic.net/main_3762336/37623363220.4.20230401075246.jpg?type=f60
104,https://shopping-phinf.pstatic.net/main_3658725/36587256515.20221217131353.jpg?type=f640
105,https://shopping-phinf.pstatic.net/main_3585497/35854972168.20221116050244.jpg?type=f60
105,https://shopping-phinf.pstatic.net/main_3585497/35854972168.1.20221116050244.jpg?type=f60
105,https://shopping-phinf.pstatic.net/main_3585497/35854972168.2.20221116050244.jpg?type=f60
105,https://shopping-phinf.pstatic.net/main_3585497/35854972168.3.20221116050245.jpg?type=f60
105,https://shopping-phinf.pstatic.net/main_3585497/35854972168.4.20221116050245.jpg?type=f60
106,https://shopping-phinf.pstatic.net/main_3943838/39438383376.20230417215034.jpg?type=f640
107,https://shopping-phinf.pstatic.net/main_3970248/39702481696.20230430083340.jpg?type=f640
108,https://shopping-phinf.pstatic.net/main_3660576/36605762755.20221218151415.jpg?type=f640
109,https://shopping-phinf.pstatic.net/main_3949826/39498264440.20230420194300.jpg?type=f640
110,https://shopping-phinf.pstatic.net/main_3977080/39770806806.20230503170838.jpg?type=f640
111,https://shopping-phinf.pstatic.net/main_3977143/39771432933.20230503174822.jpg?type=f640
112,https://shopping-phinf.pstatic.net/main_2639613/26396131654.20210317183636.jpg?type=f640
113,https://shopping-phinf.pstatic.net/main_3665199/36651999913.20221220173849.jpg?type=f640
114,https://shopping-phinf.pstatic.net/main_3872752/38727526679.20230317204113.jpg?type=f640
115,https://shopping-phinf.pstatic.net/main_3500407/35004072800.20221001172957.jpg?type=f640
116,https://shopping-phinf.pstatic.net/main_3889683/38896832563.20230324220930.jpg?type=f640
117,https://shopping-phinf.pstatic.net/main_3859463/38594630129.20230312182721.jpg?type=f640
118,https://shopping-phinf.pstatic.net/main_2335418/23354187489.20200704172522.jpg?type=f640
119,https://shopping-phinf.pstatic.net/main_2639535/26395357373.20210317173151.jpg?type=f640
120,https://shopping-phinf.pstatic.net/main_3707956/37079564896.20230109162137.jpg?type=f640
121,https://shopping-phinf.pstatic.net/main_3907622/39076225896.20230331192527.jpg?type=f640
122,https://shopping-phinf.pstatic.net/main_3912703/39127037120.20230403143031.jpg?type=f640
123,https://shopping-phinf.pstatic.net/main_3874275/38742751416.20230319031820.jpg?type=f60
123,https://shopping-phinf.pstatic.net/main_3874275/38742751416.1.20230319031820.jpg?type=f60
123,https://shopping-phinf.pstatic.net/main_3874275/38742751416.2.20230319031820.jpg?type=f60
124,https://shopping-phinf.pstatic.net/main_3854619/38546190796.20230311153004.jpg?type=f60
124,https://shopping-phinf.pstatic.net/main_3854619/38546190796.1.20230311153004.jpg?type=f60
124,https://shopping-phinf.pstatic.net/main_3854619/38546190796.2.20230311153004.jpg?type=f60
125,https://shopping-phinf.pstatic.net/main_3991461/39914612594.20230509195348.jpg?type=f640
126,https://shopping-phinf.pstatic.net/main_3859550/38595504767.20230313033534.jpg?type=f60
126,https://shopping-phinf.pstatic.net/main_3859550/38595504767.1.20230313033534.jpg?type=f60
126,https://shopping-phinf.pstatic.net/main_3859550/38595504767.2.20230313033535.jpg?type=f60
127,https://shopping-phinf.pstatic.net/main_3568286/35682862189.20221107054633.jpg?type=f640
128,https://shopping-phinf.pstatic.net/main_1097191/10971911013.20190309015656.jpg?type=f640
129,https://shopping-phinf.pstatic.net/main_3325674/33256749734.20220703090358.jpg?type=f640
130,https://shopping-phinf.pstatic.net/main_2642292/26422921549.20210319191307.jpg?type=f640
131,https://shopping-phinf.pstatic.net/main_3465067/34650670231.20220913162706.jpg?type=f640
132,https://shopping-phinf.pstatic.net/main_3824152/38241522852.20230225135112.jpg?type=f640
133,https://shopping-phinf.pstatic.net/main_3907602/39076021812.20230331190904.jpg?type=f640
134,https://shopping-phinf.pstatic.net/main_3986077/39860776313.20230508213957.jpg?type=f640
135,https://shopping-phinf.pstatic.net/main_3909380/39093802392.20230401144847.jpg?type=f640
136,https://shopping-phinf.pstatic.net/main_3177771/31777710863.20230325111109.jpg?type=f60
136,https://shopping-phinf.pstatic.net/main_3177771/31777710863.1.20230325111109.jpg?type=f60
136,https://shopping-phinf.pstatic.net/main_3177771/31777710863.2.20230325111110.jpg?type=f60
136,https://shopping-phinf.pstatic.net/main_3177771/31777710863.3.20230325111110.jpg?type=f60
136,https://shopping-phinf.pstatic.net/main_3177771/31777710863.4.20230325111110.jpg?type=f60
137,https://shopping-phinf.pstatic.net/main_3940391/39403911873.20230415171016.jpg?type=f640
138,https://shopping-phinf.pstatic.net/main_3940505/39405051501.20230415191501.jpg?type=f640
139,https://shopping-phinf.pstatic.net/main_3876614/38766146839.20230319191347.jpg?type=f640
140,https://shopping-phinf.pstatic.net/main_3949826/39498264582.20230420194647.jpg?type=f640
141,https://shopping-phinf.pstatic.net/main_2152250/21522505763.20220704103744.jpg?type=f60
141,https://video-phinf.pstatic.net/20230102_91/1672649102107dNH4s_JPEG/bc0e4174-8a79-11ed-89d2-a0369ffab09c_04.jpg
142,https://shopping-phinf.pstatic.net/main_2528018/25280182782.20230215180438.jpg?type=f60
142,https://shopping-phinf.pstatic.net/main_2528018/25280182782.1.20230215180439.jpg?type=f60
142,https://shopping-phinf.pstatic.net/main_2528018/25280182782.2.20230215180439.jpg?type=f60
142,https://shopping-phinf.pstatic.net/main_2528018/25280182782.3.20230215180439.jpg?type=f60
142,https://shopping-phinf.pstatic.net/main_2528018/25280182782.4.20230215180439.jpg?type=f60
143,https://shopping-phinf.pstatic.net/main_3222658/32226583100.20220508184311.jpg?type=f640
144,https://shopping-phinf.pstatic.net/main_3413798/34137987454.20220824165938.jpg?type=f640
145,https://shopping-phinf.pstatic.net/main_3754731/37547319455.20230324094830.jpg?type=f60
145,https://shopping-phinf.pstatic.net/main_3754731/37547319455.1.20230324094830.jpg?type=f60
145,https://shopping-phinf.pstatic.net/main_3754731/37547319455.2.20230324094831.jpg?type=f60
145,https://shopping-phinf.pstatic.net/main_3754731/37547319455.3.20230324094831.jpg?type=f60
146,https://shopping-phinf.pstatic.net/main_3126745/31267458901.20220630141538.jpg?type=f640
147,https://shopping-phinf.pstatic.net/main_2449576/24495769912.20221208091448.jpg?type=f60
147,https://video-phinf.pstatic.net/20230317_88/1679044636761Q8lN4_JPEG/7fcc4ee4-c4a4-11ed-ac0f-505dac8c37f3_02.jpg
147,https://shopping-phinf.pstatic.net/main_2449576/24495769912.1.20221208091449.jpg?type=f60
147,https://shopping-phinf.pstatic.net/main_2449576/24495769912.2.20221208091449.jpg?type=f60
147,https://shopping-phinf.pstatic.net/main_2449576/24495769912.3.20221208091449.jpg?type=f60
148,https://shopping-phinf.pstatic.net/main_3414842/34148420733.20220826090210.jpg?type=f640
149,https://shopping-phinf.pstatic.net/main_3671827/36718279618.20230317093617.jpg?type=f60
149,https://video-phinf.pstatic.net/20230306_186/1678061890772c0aQV_JPEG/5b76736d-bbb4-11ed-9b23-505dacfba98a_03.jpg
149,https://shopping-phinf.pstatic.net/main_3671827/36718279618.1.20230317093617.jpg?type=f60
149,https://shopping-phinf.pstatic.net/main_3671827/36718279618.2.20230317093618.jpg?type=f60
150,https://shopping-phinf.pstatic.net/main_8144760/8144760207.20230203135724.jpg?type=f60
150,https://shopping-phinf.pstatic.net/main_8144760/8144760207.1.20230203135724.jpg?type=f60
150,https://shopping-phinf.pstatic.net/main_8144760/8144760207.2.20230203135724.jpg?type=f60
150,https://shopping-phinf.pstatic.net/main_8144760/8144760207.3.20230203135724.jpg?type=f60
150,https://shopping-phinf.pstatic.net/main_8144760/8144760207.4.20230203135725.jpg?type=f60
151,https://shopping-phinf.pstatic.net/main_3098153/30981531262.20230421160050.jpg?type=f640
152,https://shopping-phinf.pstatic.net/main_2212642/22126420845.20230309113334.jpg?type=f60
152,https://shopping-phinf.pstatic.net/main_2212642/22126420845.1.20230309113334.jpg?type=f60
152,https://shopping-phinf.pstatic.net/main_2212642/22126420845.2.20230309113335.jpg?type=f60
152,https://shopping-phinf.pstatic.net/main_2212642/22126420845.3.20230309113335.jpg?type=f60
152,https://shopping-phinf.pstatic.net/main_2212642/22126420845.4.20230309113335.jpg?type=f60
153,https://shopping-phinf.pstatic.net/main_3782506/37825064139.20230412111142.jpg?type=f60
153,https://shopping-phinf.pstatic.net/main_3782506/37825064139.1.20230210075039.jpg?type=f60
153,https://shopping-phinf.pstatic.net/main_3782506/37825064139.2.20230210075039.jpg?type=f60
153,https://shopping-phinf.pstatic.net/main_3782506/37825064139.3.20230210075039.jpg?type=f60
153,https://shopping-phinf.pstatic.net/main_3782506/37825064139.4.20230210075039.jpg?type=f60
154,https://shopping-phinf.pstatic.net/main_3004388/30043882093.20211212005412.jpg?type=f640
155,https://shopping-phinf.pstatic.net/main_3735615/37356154641.20230202100952.jpg?type=f60
155,https://shopping-phinf.pstatic.net/main_3735615/37356154641.1.20230202100952.jpg?type=f60
155,https://shopping-phinf.pstatic.net/main_3735615/37356154641.2.20230202100952.jpg?type=f60
155,https://shopping-phinf.pstatic.net/main_3735615/37356154641.3.20230202100953.jpg?type=f60
155,https://shopping-phinf.pstatic.net/main_3735615/37356154641.4.20230202100953.jpg?type=f60
156,https://shopping-phinf.pstatic.net/main_1582884/15828846877.20230307105333.jpg?type=f60
156,https://video-phinf.pstatic.net/20221115_90/1668486813487IzFQl_JPEG/a251e606-649e-11ed-999c-505dac8c3639_01.jpg
157,https://shopping-phinf.pstatic.net/main_3762087/37620875463.20230324081918.jpg?type=f60
157,https://shopping-phinf.pstatic.net/main_3762087/37620875463.1.20230324081918.jpg?type=f60
157,https://shopping-phinf.pstatic.net/main_3762087/37620875463.2.20230324081918.jpg?type=f60
158,https://shopping-phinf.pstatic.net/main_2365619/23656195892.20230203134227.jpg?type=f60
158,https://shopping-phinf.pstatic.net/main_2365619/23656195892.1.20230203134227.jpg?type=f60
158,https://shopping-phinf.pstatic.net/main_2365619/23656195892.2.20230203134228.jpg?type=f60
158,https://shopping-phinf.pstatic.net/main_2365619/23656195892.3.20230203134228.jpg?type=f60
158,https://shopping-phinf.pstatic.net/main_2365619/23656195892.4.20230203134228.jpg?type=f60
159,https://shopping-phinf.pstatic.net/main_1488123/14881239383.20220726134253.jpg?type=f640
160,https://shopping-phinf.pstatic.net/main_3336057/33360574420.20230309112112.jpg?type=f60
160,https://shopping-phinf.pstatic.net/main_3336057/33360574420.1.20230309112112.jpg?type=f60
160,https://shopping-phinf.pstatic.net/main_3336057/33360574420.2.20230309112113.jpg?type=f60
161,https://shopping-phinf.pstatic.net/main_2954898/29548980618.20211105131734.jpg?type=f60
161,https://shopping-phinf.pstatic.net/main_2954898/29548980618.1.20211105131734.jpg?type=f60
161,https://shopping-phinf.pstatic.net/main_2954898/29548980618.2.20211105131734.jpg?type=f60
161,https://shopping-phinf.pstatic.net/main_2954898/29548980618.3.20211105131735.jpg?type=f60
162,https://shopping-phinf.pstatic.net/main_6160055/6160055892.20220919163452.jpg?type=f640
163,https://shopping-phinf.pstatic.net/main_1051377/10513771741.20230125134124.jpg?type=f60
163,https://shopping-phinf.pstatic.net/main_1051377/10513771741.1.20230125134124.jpg?type=f60
163,https://shopping-phinf.pstatic.net/main_1051377/10513771741.2.20230125134124.jpg?type=f60
164,https://shopping-phinf.pstatic.net/main_2781771/27817710523.20221205152813.jpg?type=f640
165,https://shopping-phinf.pstatic.net/main_1356127/13561271500.20201015152238.jpg?type=f640
166,https://shopping-phinf.pstatic.net/main_2077209/20772099373.20211208231043.jpg?type=f640
167,https://shopping-phinf.pstatic.net/main_1937594/19375943514.20220919163522.jpg?type=f640
168,https://shopping-phinf.pstatic.net/main_3951969/39519695618.20230421161708.jpg?type=f60
168,https://shopping-phinf.pstatic.net/main_3951969/39519695618.1.20230421161708.jpg?type=f60
168,https://shopping-phinf.pstatic.net/main_3951969/39519695618.2.20230421161708.jpg?type=f60
168,https://shopping-phinf.pstatic.net/main_3951969/39519695618.3.20230421161709.jpg?type=f60
169,https://shopping-phinf.pstatic.net/main_1356150/13561506188.20210416174531.jpg?type=f640
170,https://shopping-phinf.pstatic.net/main_2756722/27567227522.20210614092448.jpg?type=f640
171,https://shopping-phinf.pstatic.net/main_2759691/27596913523.20210811161144.jpg?type=f640
172,https://shopping-phinf.pstatic.net/main_3303867/33038676620.20220620103113.jpg?type=f640
173,https://shopping-phinf.pstatic.net/main_3304227/33042274618.20220620153426.jpg?type=f640
174,https://shopping-phinf.pstatic.net/main_3622744/36227443618.20221201174305.jpg?type=f640
175,https://shopping-phinf.pstatic.net/main_3319053/33190530620.20220629114424.jpg?type=f640
176,https://shopping-phinf.pstatic.net/main_5783461/5783461444.20220223092733.jpg?type=f60
176,https://shopping-phinf.pstatic.net/main_5783461/5783461444.1.20220223092734.jpg?type=f60
177,https://shopping-phinf.pstatic.net/main_3652009/36520090620.20230302091831.jpg?type=f60
177,https://shopping-phinf.pstatic.net/main_3652009/36520090620.1.20230302091832.jpg?type=f60
178,https://shopping-phinf.pstatic.net/main_2077207/20772073985.20211208231003.jpg?type=f640
179,https://shopping-phinf.pstatic.net/main_3299966/32999669619.20220617150052.jpg?type=f640
180,https://shopping-phinf.pstatic.net/main_3309222/33092228619.20220623181058.jpg?type=f640
181,https://shopping-phinf.pstatic.net/main_3043431/30434314892.20230119233359.jpg?type=f60
181,https://shopping-phinf.pstatic.net/main_3043431/30434314892.1.20230119233400.jpg?type=f60
181,https://shopping-phinf.pstatic.net/main_3043431/30434314892.2.20230119233400.jpg?type=f60
181,https://shopping-phinf.pstatic.net/main_3043431/30434314892.3.20230119233400.jpg?type=f60
181,https://shopping-phinf.pstatic.net/main_3043431/30434314892.4.20230119233401.jpg?type=f60
182,https://shopping-phinf.pstatic.net/main_2237776/22377763088.20221205152049.jpg?type=f640
183,https://shopping-phinf.pstatic.net/main_2660506/26605064384.20230503095911.jpg?type=f640
184,https://shopping-phinf.pstatic.net/main_3567602/35676028671.20230429222256.jpg?type=f60
184,https://shopping-phinf.pstatic.net/main_3567602/35676028671.1.20230429222257.jpg?type=f60
184,https://shopping-phinf.pstatic.net/main_3567602/35676028671.2.20230429222257.jpg?type=f60
184,https://shopping-phinf.pstatic.net/main_3567602/35676028671.3.20230429222258.jpg?type=f60
185,https://shopping-phinf.pstatic.net/main_3915553/39155538318.20230405093915.jpg?type=f60
185,https://shopping-phinf.pstatic.net/main_3915553/39155538318.1.20230405093916.jpg?type=f60
185,https://shopping-phinf.pstatic.net/main_3915553/39155538318.2.20230405093916.jpg?type=f60
185,https://shopping-phinf.pstatic.net/main_3915553/39155538318.3.20230405093916.jpg?type=f60
185,https://shopping-phinf.pstatic.net/main_3915553/39155538318.4.20230405093916.jpg?type=f60
186,https://shopping-phinf.pstatic.net/main_3623605/36236057176.20230420145315.jpg?type=f60
186,https://shopping-phinf.pstatic.net/main_3623605/36236057176.2.20230420145315.jpg?type=f60
186,https://shopping-phinf.pstatic.net/main_3623605/36236057176.1.20230419173855.jpg?type=f60
186,https://shopping-phinf.pstatic.net/main_3623605/36236057176.3.20230419173855.jpg?type=f60
187,https://shopping-phinf.pstatic.net/main_2662913/26629134011.20220331052459.jpg?type=f60
187,https://shopping-phinf.pstatic.net/main_2662913/26629134011.1.20220331052459.jpg?type=f60
187,https://shopping-phinf.pstatic.net/main_2662913/26629134011.2.20220331052500.jpg?type=f60
187,https://shopping-phinf.pstatic.net/main_2662913/26629134011.3.20220331052500.jpg?type=f60
188,https://shopping-phinf.pstatic.net/main_3111010/31110103230.20220301012451.jpg?type=f640
189,https://shopping-phinf.pstatic.net/main_2853368/28533680266.20221027050401.jpg?type=f60
189,https://shopping-phinf.pstatic.net/main_2853368/28533680266.1.20221027050401.jpg?type=f60
189,https://shopping-phinf.pstatic.net/main_2853368/28533680266.2.20221027050402.jpg?type=f60
189,https://shopping-phinf.pstatic.net/main_2853368/28533680266.3.20221027050402.jpg?type=f60
189,https://shopping-phinf.pstatic.net/main_2853368/28533680266.4.20221027050402.jpg?type=f60
190,https://shopping-phinf.pstatic.net/main_3074500/30745002525.20221118220941.jpg?type=f60
190,https://shopping-phinf.pstatic.net/main_3074500/30745002525.1.20221118220941.jpg?type=f60
190,https://shopping-phinf.pstatic.net/main_3074500/30745002525.2.20221118220942.jpg?type=f60
190,https://shopping-phinf.pstatic.net/main_3074500/30745002525.3.20221118220942.jpg?type=f60
190,https://shopping-phinf.pstatic.net/main_3074500/30745002525.4.20221118220942.jpg?type=f60
191,https://shopping-phinf.pstatic.net/main_1027109/10271096686.20201104170825.jpg?type=f640
192,https://shopping-phinf.pstatic.net/main_1027111/10271115330.20201103172617.jpg?type=f640
193,https://shopping-phinf.pstatic.net/main_3604314/36043140059.20221123121749.jpg?type=f640
194,https://shopping-phinf.pstatic.net/main_3069730/30697301873.20220127043219.jpg?type=f640
195,https://shopping-phinf.pstatic.net/main_3824128/38241280459.20230512094323.jpg?type=f60
195,https://shopping-phinf.pstatic.net/main_3824128/38241280459.1.20230512094323.jpg?type=f60
196,https://shopping-phinf.pstatic.net/main_3574061/35740611281.20230503095936.jpg?type=f640
197,https://shopping-phinf.pstatic.net/main_3807828/38078280855.20230330133840.jpg?type=f60
197,https://shopping-phinf.pstatic.net/main_3807828/38078280855.1.20230330133841.jpg?type=f60
197,https://shopping-phinf.pstatic.net/main_3807828/38078280855.2.20230330133841.jpg?type=f60
197,https://shopping-phinf.pstatic.net/main_3807828/38078280855.3.20230330133841.jpg?type=f60
198,https://shopping-phinf.pstatic.net/main_3594807/35948077225.20221119052751.jpg?type=f640
199,https://shopping-phinf.pstatic.net/main_1822925/18229251667.20190321220829.jpg?type=f640
200,https://shopping-phinf.pstatic.net/main_3969918/39699181770.20230501055240.jpg?type=f60
200,https://shopping-phinf.pstatic.net/main_3969918/39699181770.1.20230501055241.jpg?type=f60
200,https://shopping-phinf.pstatic.net/main_3969918/39699181770.2.20230501055241.jpg?type=f60
200,https://shopping-phinf.pstatic.net/main_3969918/39699181770.3.20230501055241.jpg?type=f60
200,https://shopping-phinf.pstatic.net/main_3969918/39699181770.4.20230501055241.jpg?type=f60
201,https://shopping-phinf.pstatic.net/main_2973646/29736464619.20221121131011.jpg?type=f640
202,https://shopping-phinf.pstatic.net/main_3826530/38265306067.20230410110732.jpg?type=f60
202,https://shopping-phinf.pstatic.net/main_3826530/38265306067.1.20230410110733.jpg?type=f60
202,https://shopping-phinf.pstatic.net/main_3826530/38265306067.2.20230410110734.jpg?type=f60
202,https://shopping-phinf.pstatic.net/main_3826530/38265306067.3.20230410110734.jpg?type=f60
203,https://shopping-phinf.pstatic.net/main_3854221/38542210173.20230310093132.jpg?type=f640
204,https://shopping-phinf.pstatic.net/main_3916028/39160280370.20230404215537.jpg?type=f640
205,https://shopping-phinf.pstatic.net/main_2959034/29590345618.20220725121746.jpg?type=f640
206,https://shopping-phinf.pstatic.net/main_3375375/33753753238.20220729100703.jpg?type=f640
207,https://shopping-phinf.pstatic.net/main_3357641/33576417618.20221117085722.jpg?type=f640
208,https://shopping-phinf.pstatic.net/main_1178046/11780466199.20230411104542.jpg?type=f640
209,https://shopping-phinf.pstatic.net/main_3978717/39787174753.20230504125537.jpg?type=f640
210,https://shopping-phinf.pstatic.net/main_3874091/38740918740.20230424152548.jpg?type=f60
210,https://shopping-phinf.pstatic.net/main_3874091/38740918740.1.20230424152548.jpg?type=f60
210,https://shopping-phinf.pstatic.net/main_3874091/38740918740.2.20230424152549.jpg?type=f60
210,https://shopping-phinf.pstatic.net/main_3874091/38740918740.3.20230424152549.jpg?type=f60
210,https://shopping-phinf.pstatic.net/main_3874091/38740918740.4.20230424152549.jpg?type=f60
211,https://shopping-phinf.pstatic.net/main_2154471/21544718165.20230411104619.jpg?type=f640
212,https://shopping-phinf.pstatic.net/main_1534690/15346908456.20220915182903.jpg?type=f640
213,https://shopping-phinf.pstatic.net/main_3022245/30222450618.20230511155510.jpg?type=f640
214,https://shopping-phinf.pstatic.net/main_3628247/36282471627.20221204064605.jpg?type=f640
215,https://shopping-phinf.pstatic.net/main_1534204/15342047949.20220722161120.jpg?type=f640
216,https://shopping-phinf.pstatic.net/main_3494048/34940488638.20220928131425.jpg?type=f640
217,https://shopping-phinf.pstatic.net/main_2080377/20803770331.20230102121847.jpg?type=f60
217,https://shopping-phinf.pstatic.net/main_2080377/20803770331.1.20230102121848.jpg?type=f60
217,https://shopping-phinf.pstatic.net/main_2080377/20803770331.2.20230102121848.jpg?type=f60
218,https://shopping-phinf.pstatic.net/main_3101947/31019475618.20221221112001.jpg?type=f640
219,https://shopping-phinf.pstatic.net/main_1041882/10418829653.20201104151830.jpg?type=f640
220,https://shopping-phinf.pstatic.net/main_3321243/33212434004.20220630150250.jpg?type=f640
221,https://shopping-phinf.pstatic.net/main_1303077/13030770701.20230314110719.jpg?type=f60
221,https://video-phinf.pstatic.net/20230102_27/16726438162330b9Ci_JPEG/6d827d72-8a6d-11ed-ac52-505dac8c3639_01.jpg
221,https://shopping-phinf.pstatic.net/main_1303077/13030770701.1.20230314110720.jpg?type=f60
221,https://shopping-phinf.pstatic.net/main_1303077/13030770701.2.20230314110720.jpg?type=f60
221,https://shopping-phinf.pstatic.net/main_1303077/13030770701.3.20230314110720.jpg?type=f60
222,https://shopping-phinf.pstatic.net/main_3845039/38450390618.20230411145308.jpg?type=f60
222,https://shopping-phinf.pstatic.net/main_3845039/38450390618.1.20230411145308.jpg?type=f60
222,https://shopping-phinf.pstatic.net/main_3845039/38450390618.2.20230411145308.jpg?type=f60
222,https://shopping-phinf.pstatic.net/main_3845039/38450390618.3.20230411145309.jpg?type=f60
223,https://shopping-phinf.pstatic.net/main_3087918/30879186618.20221125135417.jpg?type=f60
223,https://shopping-phinf.pstatic.net/main_3087918/30879186618.1.20221125135418.jpg?type=f60
223,https://shopping-phinf.pstatic.net/main_3087918/30879186618.2.20221125135418.jpg?type=f60
223,https://shopping-phinf.pstatic.net/main_3087918/30879186618.3.20221125135418.jpg?type=f60
223,https://shopping-phinf.pstatic.net/main_3087918/30879186618.4.20221125135418.jpg?type=f60
224,https://shopping-phinf.pstatic.net/main_3131638/31316383619.20220726172638.jpg?type=f60
224,https://shopping-phinf.pstatic.net/main_3131638/31316383619.1.20220726172639.jpg?type=f60
224,https://shopping-phinf.pstatic.net/main_3131638/31316383619.2.20220726172639.jpg?type=f60
224,https://shopping-phinf.pstatic.net/main_3131638/31316383619.3.20220726172639.jpg?type=f60
224,https://shopping-phinf.pstatic.net/main_3131638/31316383619.4.20220726172639.jpg?type=f60
225,https://shopping-phinf.pstatic.net/main_2958751/29587511618.20230216133548.jpg?type=f60
225,https://shopping-phinf.pstatic.net/20211112_16_22/05e7fd90-94ab-4520-be39-8a70576da500/2014877632.jpg
225,https://shopping-phinf.pstatic.net/main_2958751/29587511618.1.20230216133549.jpg?type=f60
225,https://shopping-phinf.pstatic.net/main_2958751/29587511618.2.20230216133549.jpg?type=f60
225,https://shopping-phinf.pstatic.net/main_2958751/29587511618.3.20230216133550.jpg?type=f60
226,https://shopping-phinf.pstatic.net/main_3655990/36559901618.20221216101351.jpg?type=f60
226,https://shopping-phinf.pstatic.net/main_3655990/36559901618.1.20221216101351.jpg?type=f60
226,https://shopping-phinf.pstatic.net/main_3655990/36559901618.2.20221216101352.jpg?type=f60
226,https://shopping-phinf.pstatic.net/main_3655990/36559901618.3.20221216101352.jpg?type=f60
226,https://shopping-phinf.pstatic.net/main_3655990/36559901618.4.20221216101352.jpg?type=f60
227,https://shopping-phinf.pstatic.net/main_1345251/13452512196.20210222142013.jpg?type=f60
227,https://video-phinf.pstatic.net/20201207_149/1607305622614FUaym_JPEG/0e028876-382e-11eb-8879-246e963a4708_06.jpg
228,https://shopping-phinf.pstatic.net/main_2988061/29880612618.20221123161714.jpg?type=f640
229,https://shopping-phinf.pstatic.net/main_2482313/24823139523.20230405134521.jpg?type=f60
229,https://shopping-phinf.pstatic.net/main_2482313/24823139523.1.20230405134521.jpg?type=f60
229,https://shopping-phinf.pstatic.net/main_2482313/24823139523.2.20230405134522.jpg?type=f60
229,https://shopping-phinf.pstatic.net/main_2482313/24823139523.3.20230405134522.jpg?type=f60
229,https://shopping-phinf.pstatic.net/main_2482313/24823139523.4.20230405134523.jpg?type=f60
230,https://shopping-phinf.pstatic.net/main_1588518/15885180929.20230503141911.jpg?type=f640
231,https://shopping-phinf.pstatic.net/main_2874163/28741633555.20230420142404.jpg?type=f60
231,https://shopping-phinf.pstatic.net/main_2874163/28741633555.3.20230420142404.jpg?type=f60
231,https://shopping-phinf.pstatic.net/main_2874163/28741633555.1.20220914153556.jpg?type=f60
231,https://shopping-phinf.pstatic.net/main_2874163/28741633555.2.20220914153556.jpg?type=f60
232,https://shopping-phinf.pstatic.net/main_3256257/32562571620.20230503142159.jpg?type=f60
232,https://shopping-phinf.pstatic.net/main_3256257/32562571620.1.20230503142159.jpg?type=f60
232,https://shopping-phinf.pstatic.net/main_3256257/32562571620.2.20230503142200.jpg?type=f60
232,https://shopping-phinf.pstatic.net/main_3256257/32562571620.3.20230503142200.jpg?type=f60
233,https://shopping-phinf.pstatic.net/main_2901522/29015220587.20220906111717.jpg?type=f640
234,https://shopping-phinf.pstatic.net/main_1304043/13040436707.20230511174318.jpg?type=f60
234,https://shopping-phinf.pstatic.net/main_1304043/13040436707.1.20230511174318.jpg?type=f60
234,https://shopping-phinf.pstatic.net/main_1304043/13040436707.2.20230511174319.jpg?type=f60
235,https://shopping-phinf.pstatic.net/main_1324017/13240171543.20230206142601.jpg?type=f60
235,https://shopping-phinf.pstatic.net/main_1324017/13240171543.1.20230206142602.jpg?type=f60
236,https://shopping-phinf.pstatic.net/main_3896114/38961145618.20230327094454.jpg?type=f640
237,https://shopping-phinf.pstatic.net/main_2000683/20006839084.20220905095505.jpg?type=f640
238,https://shopping-phinf.pstatic.net/main_1355233/13552336987.20180227173832.jpg?type=f640
239,https://shopping-phinf.pstatic.net/main_2428044/24280448522.20220722144702.jpg?type=f640
240,https://shopping-phinf.pstatic.net/main_3844938/38449385618.20230310191947.jpg?type=f60
240,https://shopping-phinf.pstatic.net/main_3844938/38449385618.1.20230310191947.jpg?type=f60
240,https://shopping-phinf.pstatic.net/main_3844938/38449385618.2.20230310191947.jpg?type=f60
240,https://shopping-phinf.pstatic.net/main_3844938/38449385618.3.20230310191948.jpg?type=f60